,BTC,ETH,SPX,DJI,GOLD
BTC,1.0,0.836435419597078,0.3960993560126491,0.3580951360777304,0.018278110999584166
ETH,0.836435419597078,1.0,0.3991573840971039,0.3657102273194164,0.0012076158372583948
SPX,0.3960993560126491,0.3991573840971039,1.0,0.95936061710018,0.01805017232881741
DJI,0.3580951360777304,0.3657102273194164,0.95936061710018,1.0,0.02255868505652317
GOLD,0.018278110999584166,0.0012076158372583948,0.01805017232881741,0.02255868505652317,1.0
