Asset,TO_others,FROM_others,NET
BTC,0.5892895273904096,1.691397412700546,-1.1021078853101365
ETH,0.5075262677448422,1.9495202880382343,-1.441994020293392
SPX,0.9665541971724527,0.1775042621409916,0.7890499350314611
DJI,0.9623623422588747,0.16222521613099117,0.8001371261278836
GOLD,0.9858753456853669,0.03096050124118369,0.9549148444441833
