Asset,TO_others,FROM_others,NET
BTC,0.4986951114958387,0.6289282658235372,-0.1302331543276985
ETH,0.49794923963231397,0.6484915188654007,-0.15054227923308672
SPX,0.5716707462953445,0.6223822793485216,-0.050711533053177105
DJI,0.5689880129194279,0.6198133370299158,-0.0508253241104879
GOLD,0.4363156979927083,0.054003407268258044,0.3823122907244503
