,BTC,ETH,SPX,DJI,GOLD
BTC,0.5013048885041612,0.35388847255231015,0.07957112958465586,0.06446176585882475,0.0007737435000479855
ETH,0.35022775838113646,0.5020507603676861,0.08036482248003904,0.06689899650852685,0.0004576622626116868
SPX,0.07691277077107081,0.07874873103097826,0.4283292537046554,0.3923302460372927,0.023678998456002753
DJI,0.06718007781102447,0.07710609814720618,0.3956088339116017,0.431011987080572,0.029093003049595622
GOLD,0.13460765886030554,0.13874821713490618,0.06683749337222517,0.09612232862527145,0.5636843020072917
