,BTC,ETH,SPX,DJI,GOLD
BTC,0.4107104726095904,0.48108962108139475,0.05731266553950356,0.048392079673135475,0.0024951610963758098
ETH,0.4185222280734677,0.4924737322551579,0.041921628092193984,0.0408233084197208,0.006259103159459716
SPX,0.429416600784434,0.4927542587563623,0.0334458028275471,0.035565009821425464,0.008818327810230972
DJI,0.4208239605911773,0.488955884094133,0.03919458839844728,0.03763765774112517,0.013387909175117192
GOLD,0.4226346232514668,0.48672052410634403,0.039075380110846804,0.03744481821670943,0.01412465431463284
