component,energy
A3,0.30637830621740053
D3,0.20899532440859472
D2,0.4192765245593672
D1,1.0392312321614483
