,BTC,ETH,SPX,DJI,GOLD
BTC,1.0,0.841450850988244,0.29227405569915726,0.25256441194282775,0.11519271508446925
ETH,0.841450850988244,1.0,0.39734245445365385,0.3607919826654926,0.11922924044309835
SPX,0.29227405569915726,0.39734245445365385,1.0,0.9617547721083592,0.4140964462100667
DJI,0.25256441194282775,0.3607919826654926,0.9617547721083592,1.0,0.4053131603306509
GOLD,0.11519271508446925,0.11922924044309835,0.4140964462100667,0.4053131603306509,1.0
