Asset,TO_others,FROM_others,NET
BTC,0.8736637220818546,0.44065261106465914,0.43301111101719547
ETH,0.570142998056053,0.0810051488198435,0.48913784923620945
SPX,0.4569697383606386,1.6842031143415155,-1.227233375980877
DJI,0.616136428331649,1.1956663603504487,-0.5795299320187997
GOLD,0.9615052250360349,0.07689087728976327,0.8846143477462716
