Asset,TO_others,FROM_others,NET
BTC,0.6010040748051478,1.5571738357594063,-0.9561697609542584
ETH,0.41815060059388615,2.335486105701045,-1.917335505107159
SPX,0.9990184805543123,0.01419927048648524,0.984819210067827
DJI,0.999682991645284,0.006102359724947557,0.9935806319203364
GOLD,0.9745041669906525,0.07939874291739837,0.8951054240732541
