,BTC,ETH,SPX,DJI,GOLD
BTC,0.3989959251948521,0.5791520061315761,0.00422247475942733,0.0022669055919732274,0.015362688322171185
ETH,0.3995073346119799,0.5818493994061138,0.006848277038174464,0.00317822755611735,0.008616761387614419
SPX,0.3866894469736839,0.5839414891455107,0.0009815194456876263,0.00019508912138716555,0.028192455313730522
DJI,0.38237523422210057,0.5886316672574046,0.001449252271896663,0.0003170083547159127,0.027226837893882257
GOLD,0.388601819951642,0.5837609431665538,0.0016792664169867828,0.00046213745546981307,0.025495833009347657
