,BTC,ETH,SPX,DJI,GOLD
BTC,0.12633627791814545,0.06703277997172721,0.4615100539314983,0.3251313779969493,0.019989510181679836
ETH,0.30786000530672086,0.42985700194394705,0.14128472899227731,0.10938225666229802,0.01161600709475669
SPX,0.044109590033298084,0.005461959697244584,0.5430302616393613,0.384040853552164,0.023357335077931935
DJI,0.04454225855206428,0.0035914318307023485,0.5460747130134876,0.38386357166835083,0.0219280249353948
GOLD,0.04414075717257591,0.004918977320169347,0.5353336184042522,0.3771118721390374,0.038494774963965084
