cause,effect,min_p
BTC,DJI,0.0001687918173197216
BTC,SPX,0.0007732694336084132
ETH,SPX,0.002050676504553016
ETH,GOLD,0.018540508778621474
BTC,GOLD,0.033609368009175446
